{
  "images" : [
    {
      "idiom" : "universal",
      "scale" : "1x"
    },
    {
      "filename" : "camera_progress_sticker_drag@2x.png",
      "idiom" : "universal",
      "resizing" : {
        "cap-insets" : {
          "bottom" : 59,
          "left" : 24,
          "right" : 24,
          "top" : 4
        },
        "center" : {
          "height" : 1,
          "mode" : "tile",
          "width" : 1
        },
        "mode" : "9-part"
      },
      "scale" : "2x"
    },
    {
      "filename" : "camera_progress_sticker_drag@3x.png",
      "idiom" : "universal",
      "resizing" : {
        "cap-insets" : {
          "bottom" : 87,
          "left" : 36,
          "right" : 36,
          "top" : 8
        },
        "center" : {
          "height" : 1,
          "mode" : "tile",
          "width" : 1
        },
        "mode" : "9-part"
      },
      "scale" : "3x"
    }
  ],
  "info" : {
    "author" : "xcode",
    "version" : 1
  }
}
