{
  "images" : [
    {
      "idiom" : "universal",
      "scale" : "1x"
    },
    {
      "filename" : "camera_progress_time@2x.png",
      "idiom" : "universal",
      "resizing" : {
        "cap-insets" : {
          "bottom" : 8,
          "left" : 27,
          "right" : 17,
          "top" : 7
        },
        "center" : {
          "height" : 1,
          "mode" : "tile",
          "width" : 52
        },
        "mode" : "9-part"
      },
      "scale" : "2x"
    },
    {
      "filename" : "camera_progress_time@3x.png",
      "idiom" : "universal",
      "resizing" : {
        "cap-insets" : {
          "bottom" : 12,
          "left" : 35,
          "right" : 36,
          "top" : 10
        },
        "center" : {
          "height" : 1,
          "mode" : "tile",
          "width" : 27
        },
        "mode" : "9-part"
      },
      "scale" : "3x"
    }
  ],
  "info" : {
    "author" : "xcode",
    "version" : 1
  }
}
